"","X.Intercept.","date_2","sub_model","lockdown_level","se"
"0",0.543427345415607,2020-03-05,"model_3","0",0.036764616910652
"3",0.38049080178754,2020-03-05,"model_3","3",0.036764616910652
"4",0.16783689992989,2020-03-05,"model_3","4",0.036764616910652
"5",-1.09175504713303,2020-03-05,"model_3","5",0.036764616910652
"01",0.546344708637999,2020-03-06,"model_3","0",0.0367867449019752
"31",0.380943479946044,2020-03-06,"model_3","3",0.0367867449019752
"41",0.166777673647103,2020-03-06,"model_3","4",0.0367867449019752
"51",-1.09406586223116,2020-03-06,"model_3","5",0.0367867449019752
"02",0.546472572274076,2020-03-07,"model_3","0",0.0367738186496181
"32",0.380434245268504,2020-03-07,"model_3","3",0.0367738186496181
"42",0.166844595262081,2020-03-07,"model_3","4",0.0367738186496181
"52",-1.09375141280469,2020-03-07,"model_3","5",0.0367738186496181
"03",0.55120292541606,2020-03-08,"model_3","0",0.0365438482051403
"33",0.375395964037234,2020-03-08,"model_3","3",0.0365438482051403
"43",0.16281936736148,2020-03-08,"model_3","4",0.0365438482051403
"53",-1.08941825681477,2020-03-08,"model_3","5",0.0365438482051403
"04",0.556474074373392,2020-03-09,"model_3","0",0.0364051831109985
"34",0.366160578987751,2020-03-09,"model_3","3",0.0364051831109985
"44",0.158501716972504,2020-03-09,"model_3","4",0.0364051831109985
"54",-1.08113637033363,2020-03-09,"model_3","5",0.0364051831109985
"05",0.567157113800048,2020-03-10,"model_3","0",0.0364290455570872
"35",0.356990281755705,2020-03-10,"model_3","3",0.0364290455570872
"45",0.154971685913025,2020-03-10,"model_3","4",0.0364290455570872
"55",-1.0791190814688,2020-03-10,"model_3","5",0.0364290455570872
"06",0.58030684857111,2020-03-11,"model_3","0",0.0367340174771061
"36",0.373665506377727,2020-03-11,"model_3","3",0.0367340174771061
"46",0.147808630752446,2020-03-11,"model_3","4",0.0367340174771061
"56",-1.10178098570128,2020-03-11,"model_3","5",0.0367340174771061
"07",0.488559665615469,2020-03-12,"model_3","0",0.0315238249062567
"37",0.326445211662897,2020-03-12,"model_3","3",0.0315238249062567
"47",0.139229204141054,2020-03-12,"model_3","4",0.0315238249062567
"57",-0.954234081419411,2020-03-12,"model_3","5",0.0315238249062567
"08",0.48781027388069,2020-03-13,"model_3","0",0.0315030662213273
"38",0.32650961463194,2020-03-13,"model_3","3",0.0315030662213273
"48",0.139602616762588,2020-03-13,"model_3","4",0.0315030662213273
"58",-0.953922505275215,2020-03-13,"model_3","5",0.0315030662213273
"09",0.492689239266586,2020-03-14,"model_3","0",0.0312985648757735
"39",0.319141901903232,2020-03-14,"model_3","3",0.0312985648757735
"49",0.137826430749068,2020-03-14,"model_3","4",0.0312985648757735
"59",-0.949657571918901,2020-03-14,"model_3","5",0.0312985648757735
"010",0.487245687205259,2020-03-15,"model_3","0",0.0314681397795771
"310",0.327512720488459,2020-03-15,"model_3","3",0.0314681397795771
"410",0.140893679407053,2020-03-15,"model_3","4",0.0314681397795771
"510",-0.955652087100777,2020-03-15,"model_3","5",0.0314681397795771
"011",0.499044144603994,2020-03-16,"model_3","0",0.0316891458315304
"311",0.313060477945419,2020-03-16,"model_3","3",0.0316891458315304
"411",0.138753828029368,2020-03-16,"model_3","4",0.0316891458315304
"511",-0.950858450578783,2020-03-16,"model_3","5",0.0316891458315304
"012",0.514626692066579,2020-03-17,"model_3","0",0.0318393496142169
"312",0.300141208527142,2020-03-17,"model_3","3",0.0318393496142169
"412",0.138042494193283,2020-03-17,"model_3","4",0.0318393496142169
"512",-0.952810394787012,2020-03-17,"model_3","5",0.0318393496142169
"013",0.518193726792037,2020-03-18,"model_3","0",0.0318607473087968
"313",0.298859094390358,2020-03-18,"model_3","3",0.0318607473087968
"413",0.13946735444984,2020-03-18,"model_3","4",0.0318607473087968
"513",-0.95652017563224,2020-03-18,"model_3","5",0.0318607473087968
"014",0.51412811243589,2020-03-19,"model_3","0",0.0318561281818951
"314",0.30131993493736,2020-03-19,"model_3","3",0.0318561281818951
"414",0.141119593131036,2020-03-19,"model_3","4",0.0318561281818951
"514",-0.956567640504283,2020-03-19,"model_3","5",0.0318561281818951
"015",0.511446935666449,2020-03-20,"model_3","0",0.0318418326231443
"315",0.304775269703129,2020-03-20,"model_3","3",0.0318418326231443
"415",0.142451964118115,2020-03-20,"model_3","4",0.0318418326231443
"515",-0.958674169487702,2020-03-20,"model_3","5",0.0318418326231443
"016",0.514286020443528,2020-03-21,"model_3","0",0.0317101783777386
"316",0.298857208558102,2020-03-21,"model_3","3",0.0317101783777386
"416",0.142201175991278,2020-03-21,"model_3","4",0.0317101783777386
"516",-0.955344404992924,2020-03-21,"model_3","5",0.0317101783777386
"017",0.517092886622609,2020-03-22,"model_3","0",0.0315947549774537
"317",0.291604190011784,2020-03-22,"model_3","3",0.0315947549774537
"417",0.142121478233,2020-03-22,"model_3","4",0.0315947549774537
"517",-0.950818554867395,2020-03-22,"model_3","5",0.0315947549774537
"018",0.516894221521186,2020-03-23,"model_3","0",0.0319654536043732
"318",0.287541819546117,2020-03-23,"model_3","3",0.0319654536043732
"418",0.144866615632246,2020-03-23,"model_3","4",0.0319654536043732
"518",-0.949302656699537,2020-03-23,"model_3","5",0.0319654536043732
"019",0.531813193809218,2020-03-24,"model_3","0",0.0325372394395714
"319",0.275190611117974,2020-03-24,"model_3","3",0.0325372394395714
"419",0.149186331145983,2020-03-24,"model_3","4",0.0325372394395714
"519",-0.956190136073181,2020-03-24,"model_3","5",0.0325372394395714
"020",0.52797985528397,2020-03-25,"model_3","0",0.032850025534744
"320",0.284361556954214,2020-03-25,"model_3","3",0.032850025534744
"420",0.155718925953352,2020-03-25,"model_3","4",0.032850025534744
"520",-0.968060338191538,2020-03-25,"model_3","5",0.032850025534744
"021",0.523679596576609,2020-03-26,"model_3","0",0.0327547948394124
"321",0.286424629204714,2020-03-26,"model_3","3",0.0327547948394124
"421",0.157090319843802,2020-03-26,"model_3","4",0.0327547948394124
"521",-0.967194545625119,2020-03-26,"model_3","5",0.0327547948394124
"022",0.519349388393574,2020-03-27,"model_3","0",0.0327580629173389
"322",0.288855064653059,2020-03-27,"model_3","3",0.0327580629173389
"422",0.159429878607252,2020-03-27,"model_3","4",0.0327580629173389
"522",-0.967634331653887,2020-03-27,"model_3","5",0.0327580629173389
"023",0.514212151057827,2020-03-28,"model_3","0",0.0326951295954815
"323",0.293258545542387,2020-03-28,"model_3","3",0.0326951295954815
"423",0.162117517191668,2020-03-28,"model_3","4",0.0326951295954815
"523",-0.969588213791891,2020-03-28,"model_3","5",0.0326951295954815
"024",0.50767181078661,2020-03-29,"model_3","0",0.0328559226809465
"324",0.296333934852886,2020-03-29,"model_3","3",0.0328559226809465
"424",0.166025548014085,2020-03-29,"model_3","4",0.0328559226809465
"524",-0.970031293653601,2020-03-29,"model_3","5",0.0328559226809465
"025",0.496174751544042,2020-03-30,"model_3","0",0.0333581842661787
"325",0.306826061423259,2020-03-30,"model_3","3",0.0333581842661787
"425",0.174239426868921,2020-03-30,"model_3","4",0.0333581842661787
"525",-0.977240239836218,2020-03-30,"model_3","5",0.0333581842661787
"026",0.500209219279487,2020-03-31,"model_3","0",0.0346119029428895
"326",0.309164509850855,2020-03-31,"model_3","3",0.0346119029428895
"426",0.187229208131441,2020-03-31,"model_3","4",0.0346119029428895
"526",-0.996602937261762,2020-03-31,"model_3","5",0.0346119029428895
"027",0.48831882915857,2020-04-01,"model_3","0",0.0354147181528434
"327",0.327919652032752,2020-04-01,"model_3","3",0.0354147181528434
"427",0.200559317464566,2020-04-01,"model_3","4",0.0354147181528434
"527",-1.01679779865589,2020-04-01,"model_3","5",0.0354147181528434
"028",0.480153024715811,2020-04-02,"model_3","0",0.0355999031495359
"328",0.331862119814401,2020-04-02,"model_3","3",0.0355999031495359
"428",0.205442049429202,2020-04-02,"model_3","4",0.0355999031495359
"528",-1.01745719395943,2020-04-02,"model_3","5",0.0355999031495359
"029",0.464207864059069,2020-04-03,"model_3","0",0.0358643436002994
"329",0.337917006022526,2020-04-03,"model_3","3",0.0358643436002994
"429",0.213985708123923,2020-04-03,"model_3","4",0.0358643436002994
"529",-1.01611057820553,2020-04-03,"model_3","5",0.0358643436002994
"030",0.446512161350718,2020-04-04,"model_3","0",0.0364567785759155
"330",0.349854976107031,2020-04-04,"model_3","3",0.0364567785759155
"430",0.223718428797838,2020-04-04,"model_3","4",0.0364567785759155
"530",-1.0200855662556,2020-04-04,"model_3","5",0.0364567785759155
"031",0.430114506585952,2020-04-05,"model_3","0",0.0368561596074297
"331",0.352149911614223,2020-04-05,"model_3","3",0.0368561596074297
"431",0.234558016497115,2020-04-05,"model_3","4",0.0368561596074297
"531",-1.01682243469729,2020-04-05,"model_3","5",0.0368561596074297
"032",0.388489017880101,2020-04-06,"model_3","0",0.037852667771136
"332",0.370635912212747,2020-04-06,"model_3","3",0.037852667771136
"432",0.255525537293843,2020-04-06,"model_3","4",0.037852667771136
"532",-1.0146504673867,2020-04-06,"model_3","5",0.037852667771136
"033",0.342110044565324,2020-04-07,"model_3","0",0.0390483461141698
"333",0.394702799281203,2020-04-07,"model_3","3",0.0390483461141698
"433",0.284453673158493,2020-04-07,"model_3","4",0.0390483461141698
"533",-1.02126651700502,2020-04-07,"model_3","5",0.0390483461141698
"034",0.246401472813916,2020-04-08,"model_3","0",0.0407419407768129
"334",0.440323120076804,2020-04-08,"model_3","3",0.0407419407768129
"434",0.331685687670894,2020-04-08,"model_3","4",0.0407419407768129
"534",-1.01841028056163,2020-04-08,"model_3","5",0.0407419407768129
"035",0.0963190440599246,2020-04-09,"model_3","0",0.0423267577395356
"335",0.500667853356365,2020-04-09,"model_3","3",0.0423267577395356
"435",0.395346869109722,2020-04-09,"model_3","4",0.0423267577395356
"535",-0.992333766526001,2020-04-09,"model_3","5",0.0423267577395356
"036",-0.188139395435913,2020-04-10,"model_3","0",0.0466836715954662
"336",0.640290682882145,2020-04-10,"model_3","3",0.0466836715954662
"436",0.522888382012746,2020-04-10,"model_3","4",0.0466836715954662
"536",-0.975039669458953,2020-04-10,"model_3","5",0.0466836715954662
"037",-0.103464617852421,2020-04-11,"model_3","0",0.044445111245524
"337",0.599775437043931,2020-04-11,"model_3","3",0.044445111245524
"437",0.486065069283744,2020-04-11,"model_3","4",0.044445111245524
"537",-0.982375888475237,2020-04-11,"model_3","5",0.044445111245524
"338",0.56562175259819,2020-04-12,"model_3","3",0.0399694029376503
"438",0.456222360656383,2020-04-12,"model_3","4",0.0399694029376503
"538",-1.02184411325458,2020-04-12,"model_3","5",0.0399694029376503
"339",0.52973778731527,2020-04-13,"model_3","3",0.0382212958471092
"439",0.436956142330845,2020-04-13,"model_3","4",0.0382212958471092
"539",-0.966693929646127,2020-04-13,"model_3","5",0.0382212958471092
"340",0.529013526810952,2020-04-14,"model_3","3",0.0389108146795206
"440",0.441086911457778,2020-04-14,"model_3","4",0.0389108146795206
"540",-0.970100438268734,2020-04-14,"model_3","5",0.0389108146795206
"341",0.533444888848375,2020-04-15,"model_3","3",0.0391736157644689
"441",0.442882877172843,2020-04-15,"model_3","4",0.0391736157644689
"541",-0.97632776602123,2020-04-15,"model_3","5",0.0391736157644689
"342",0.530969123070498,2020-04-16,"model_3","3",0.0383245442127137
"442",0.441321690925339,2020-04-16,"model_3","4",0.0383245442127137
"542",-0.972290813995815,2020-04-16,"model_3","5",0.0383245442127137
"343",0.532051185849138,2020-04-17,"model_3","3",0.0387393876075629
"443",0.444155884888841,2020-04-17,"model_3","4",0.0387393876075629
"543",-0.976207070737981,2020-04-17,"model_3","5",0.0387393876075629
"344",0.516884695354676,2020-04-18,"model_3","3",0.0373517169247278
"444",0.427451582244562,2020-04-18,"model_3","4",0.0373517169247278
"544",-0.94433627759923,2020-04-18,"model_3","5",0.0373517169247278
"345",0.513118604974897,2020-04-19,"model_3","3",0.0364705640661102
"445",0.425472389641347,2020-04-19,"model_3","4",0.0364705640661102
"545",-0.938590994616252,2020-04-19,"model_3","5",0.0364705640661102
"346",0.511806077743807,2020-04-20,"model_3","3",0.0366235708706975
"446",0.42629807303036,2020-04-20,"model_3","4",0.0366235708706975
"546",-0.93810415077417,2020-04-20,"model_3","5",0.0366235708706975
"347",0.502852450658049,2020-04-21,"model_3","3",0.0363872696725414
"447",0.42191742815915,2020-04-21,"model_3","4",0.0363872696725414
"547",-0.924769878817195,2020-04-21,"model_3","5",0.0363872696725414
"348",0.518535851873172,2020-04-22,"model_3","3",0.0364262605560913
"448",0.426959148103408,2020-04-22,"model_3","4",0.0364262605560913
"548",-0.945494999976578,2020-04-22,"model_3","5",0.0364262605560913
"349",0.501372179565722,2020-04-23,"model_3","3",0.0351174412667125
"449",0.415430881951414,2020-04-23,"model_3","4",0.0351174412667125
"549",-0.916803061517143,2020-04-23,"model_3","5",0.0351174412667125
"350",0.501885605133731,2020-04-24,"model_3","3",0.0353003474065766
"450",0.415764960788666,2020-04-24,"model_3","4",0.0353003474065766
"550",-0.917650565922395,2020-04-24,"model_3","5",0.0353003474065766
"351",0.500280077912491,2020-04-25,"model_3","3",0.0351407946872328
"451",0.416017980946988,2020-04-25,"model_3","4",0.0351407946872328
"551",-0.916298058859482,2020-04-25,"model_3","5",0.0351407946872328
"352",0.487098376688472,2020-04-26,"model_3","3",0.0341179085438864
"452",0.40913263577608,2020-04-26,"model_3","4",0.0341179085438864
"552",-0.896231012464557,2020-04-26,"model_3","5",0.0341179085438864
"353",0.469897440315311,2020-04-27,"model_3","3",0.0335486036967263
"453",0.392956388576994,2020-04-27,"model_3","4",0.0335486036967263
"553",-0.862853828892312,2020-04-27,"model_3","5",0.0335486036967263
"354",0.472960114847874,2020-04-28,"model_3","3",0.0337159988646673
"454",0.39258167796176,2020-04-28,"model_3","4",0.0337159988646673
"554",-0.865541792809649,2020-04-28,"model_3","5",0.0337159988646673
"355",0.493852645177718,2020-04-29,"model_3","3",0.0345601846974376
"455",0.397250944593222,2020-04-29,"model_3","4",0.0345601846974376
"555",-0.891103589770936,2020-04-29,"model_3","5",0.0345601846974376
"356",0.527405895356505,2020-04-30,"model_3","3",0.0371672928915868
"456",0.417947096702478,2020-04-30,"model_3","4",0.0371672928915868
"556",-0.945352992058996,2020-04-30,"model_3","5",0.0371672928915868
"357",0.524638104627047,2020-05-01,"model_3","3",0.0370805516153684
"457",0.416745659039764,2020-05-01,"model_3","4",0.0370805516153684
"557",-0.941383763666829,2020-05-01,"model_3","5",0.0370805516153684
"358",0.523474687432623,2020-05-02,"model_3","3",0.0368927123223544
"458",0.414007397660171,2020-05-02,"model_3","4",0.0368927123223544
"558",-0.9374820850928,2020-05-02,"model_3","5",0.0368927123223544
"359",0.517292910386624,2020-05-03,"model_3","3",0.0365302994911108
"459",0.406490291500882,2020-05-03,"model_3","4",0.0365302994911108
"559",-0.923783201887514,2020-05-03,"model_3","5",0.0365302994911108
"360",0.513825843278799,2020-05-04,"model_3","3",0.0366133409024668
"460",0.404978418965852,2020-05-04,"model_3","4",0.0366133409024668
"560",-0.918804262244652,2020-05-04,"model_3","5",0.0366133409024668
"361",0.506367417848109,2020-05-05,"model_3","3",0.0367140594459432
"461",0.39631685392814,2020-05-05,"model_3","4",0.0367140594459432
"561",-0.902684271776252,2020-05-05,"model_3","5",0.0367140594459432
"362",0.512632083391579,2020-05-06,"model_3","3",0.0366927298831253
"462",0.394262264469064,2020-05-06,"model_3","4",0.0366927298831253
"562",-0.906894347860636,2020-05-06,"model_3","5",0.0366927298831253
"363",0.498381643890702,2020-05-07,"model_3","3",0.035384195198736
"463",0.38621740784835,2020-05-07,"model_3","4",0.035384195198736
"563",-0.884599051739055,2020-05-07,"model_3","5",0.035384195198736
"2",0.420439186263732,2020-05-08,"model_3","2",0.0378788671668034
"364",0.34840183759648,2020-05-08,"model_3","3",0.0378788671668034
"464",0.238486347814361,2020-05-08,"model_3","4",0.0378788671668034
"564",-1.00732737167458,2020-05-08,"model_3","5",0.0378788671668034
"21",0.332976585710496,2020-05-09,"model_3","2",0.0394127094168408
"365",0.377235407831375,2020-05-09,"model_3","3",0.0394127094168408
"465",0.26486783454127,2020-05-09,"model_3","4",0.0394127094168408
"565",-0.975079828083143,2020-05-09,"model_3","5",0.0394127094168408
"22",0.245617360991392,2020-05-10,"model_3","2",0.0383504197739781
"366",0.397573387375302,2020-05-10,"model_3","3",0.0383504197739781
"466",0.283795531624636,2020-05-10,"model_3","4",0.0383504197739781
"566",-0.926986279991335,2020-05-10,"model_3","5",0.0383504197739781
"23",0.342071853353051,2020-05-11,"model_3","2",0.040350702553987
"367",0.375068447616327,2020-05-11,"model_3","3",0.040350702553987
"467",0.256851793025667,2020-05-11,"model_3","4",0.040350702553987
"567",-0.973992093995039,2020-05-11,"model_3","5",0.040350702553987
"24",0.374718663631484,2020-05-12,"model_3","2",0.039889812279265
"368",0.342236039566179,2020-05-12,"model_3","3",0.039889812279265
"468",0.226866024000187,2020-05-12,"model_3","4",0.039889812279265
"568",-0.94382072719785,2020-05-12,"model_3","5",0.039889812279265
"25",0.363692991364072,2020-05-13,"model_3","2",0.0390424307105487
"369",0.339530313159501,2020-05-13,"model_3","3",0.0390424307105487
"469",0.215685659079446,2020-05-13,"model_3","4",0.0390424307105487
"569",-0.918908963603031,2020-05-13,"model_3","5",0.0390424307105487
"26",0.363513294516097,2020-05-14,"model_3","2",0.0393285062023337
"370",0.333948373917045,2020-05-14,"model_3","3",0.0393285062023337
"470",0.202530271820103,2020-05-14,"model_3","4",0.0393285062023337
"570",-0.899991940253229,2020-05-14,"model_3","5",0.0393285062023337
"27",0.3592316304811,2020-05-15,"model_3","2",0.0387932534617211
"371",0.324297019152978,2020-05-15,"model_3","3",0.0387932534617211
"471",0.189970518642709,2020-05-15,"model_3","4",0.0387932534617211
"571",-0.873499168276767,2020-05-15,"model_3","5",0.0387932534617211
"28",0.344974466322737,2020-05-16,"model_3","2",0.037119906276287
"372",0.301402997454027,2020-05-16,"model_3","3",0.037119906276287
"472",0.165994698074778,2020-05-16,"model_3","4",0.037119906276287
"572",-0.812372161851537,2020-05-16,"model_3","5",0.037119906276287
"29",0.301554461924343,2020-05-17,"model_3","2",0.0366232497185599
"373",0.23702799379318,2020-05-17,"model_3","3",0.0366232497185599
"473",0.102738292728033,2020-05-17,"model_3","4",0.0366232497185599
"573",-0.641320748445549,2020-05-17,"model_3","5",0.0366232497185599
"210",0.0575987871889125,2020-05-18,"model_3","2",0.0331588181900563
"374",0.0115091824558394,2020-05-18,"model_3","3",0.0331588181900563
"474",-0.0691079696447458,2020-05-18,"model_3","4",0.0331588181900563
"211",0.0681017190337241,2020-05-19,"model_3","2",0.0311361147188945
"375",0.00852082045025522,2020-05-19,"model_3","3",0.0311361147188945
"475",-0.0766225394839821,2020-05-19,"model_3","4",0.0311361147188945
"212",0.0637539248772131,2020-05-20,"model_3","2",0.0314842767458626
"376",0.00913837650512721,2020-05-20,"model_3","3",0.0314842767458626
"476",-0.0728923013823363,2020-05-20,"model_3","4",0.0314842767458626
"213",0.0562440557316107,2020-05-21,"model_3","2",0.0309894593489877
"377",0.0109704367823027,2020-05-21,"model_3","3",0.0309894593489877
"477",-0.0672144925139116,2020-05-21,"model_3","4",0.0309894593489877
"214",0.0530295616980667,2020-05-22,"model_3","2",0.0309876362959166
"378",0.0117372466194934,2020-05-22,"model_3","3",0.0309876362959166
"478",-0.0647668083175641,2020-05-22,"model_3","4",0.0309876362959166
"215",0.0550345099305155,2020-05-23,"model_3","2",0.0309817876633841
"379",0.0121310468585751,2020-05-23,"model_3","3",0.0309817876633841
"479",-0.0671655567890931,2020-05-23,"model_3","4",0.0309817876633841
"216",0.0633874038673786,2020-05-24,"model_3","2",0.0310389379263975
"380",0.0111439425477147,2020-05-24,"model_3","3",0.0310389379263975
"480",-0.0745313464150954,2020-05-24,"model_3","4",0.0310389379263975
"217",0.0648524956912534,2020-05-25,"model_3","2",0.0310129455851698
"381",0.0101201401048438,2020-05-25,"model_3","3",0.0310129455851698
"481",-0.074972635796099,2020-05-25,"model_3","4",0.0310129455851698
"218",0.060288955306759,2020-05-26,"model_3","2",0.0309002277791119
"382",0.00879708938457949,2020-05-26,"model_3","3",0.0309002277791119
"482",-0.0690860446913505,2020-05-26,"model_3","4",0.0309002277791119
"219",0.0462616077965167,2020-05-27,"model_3","2",0.0316010770523797
"383",0.00874656085335823,2020-05-27,"model_3","3",0.0316010770523797
"483",-0.0550081686498865,2020-05-27,"model_3","4",0.0316010770523797
"220",0.0328690813096924,2020-05-28,"model_3","2",0.0307072497849001
"384",0.00785538151059235,2020-05-28,"model_3","3",0.0307072497849001
"484",-0.0407244628202839,2020-05-28,"model_3","4",0.0307072497849001
"221",0.0270177337941101,2020-05-29,"model_3","2",0.0303607463725649
"385",0.00725745248883507,2020-05-29,"model_3","3",0.0303607463725649
"485",-0.0342751862829475,2020-05-29,"model_3","4",0.0303607463725649
"222",0.0258159206767199,2020-05-30,"model_3","2",0.0301284391310936
"386",0.00754307164229806,2020-05-30,"model_3","3",0.0301284391310936
"486",-0.0333589923190169,2020-05-30,"model_3","4",0.0301284391310936
"223",0.0282241265373673,2020-05-31,"model_3","2",0.0301748218386741
"387",0.00822685748404516,2020-05-31,"model_3","3",0.0301748218386741
"487",-0.0364509840214152,2020-05-31,"model_3","4",0.0301748218386741
"224",0.0313205143597283,2020-06-01,"model_3","2",0.0305062332808762
"388",0.00970037147303902,2020-06-01,"model_3","3",0.0305062332808762
"488",-0.0410208858327727,2020-06-01,"model_3","4",0.0305062332808762
"225",0.0227585817764968,2020-06-02,"model_3","2",0.0300996355250259
"389",0.005810243266429,2020-06-02,"model_3","3",0.0300996355250259
"489",-0.0285688250429212,2020-06-02,"model_3","4",0.0300996355250259
"226",0.0183668829214518,2020-06-03,"model_3","2",0.0309821197025385
"390",0.00397034574356486,2020-06-03,"model_3","3",0.0309821197025385
"490",-0.0223372286650182,2020-06-03,"model_3","4",0.0309821197025385
"227",0.0130214007169555,2020-06-04,"model_3","2",0.0306661275262073
"391",0.00414434610889798,2020-06-04,"model_3","3",0.0306661275262073
"491",-0.0171657468258522,2020-06-04,"model_3","4",0.0306661275262073
"228",1.63687922621097e-08,2020-06-05,"model_3","2",0.0275904283007692
"392",9.23547233633886e-09,2020-06-05,"model_3","3",0.0275904283007692
"492",-2.56042645974213e-08,2020-06-05,"model_3","4",0.0275904283007692
"229",2.676084785916e-08,2020-06-06,"model_3","2",0.0286726087155712
"393",1.39469680670849e-08,2020-06-06,"model_3","3",0.0286726087155712
"493",-4.07078159264554e-08,2020-06-06,"model_3","4",0.0286726087155712
"230",3.44899463802936e-08,2020-06-07,"model_3","2",0.0288862205715156
"394",1.61502088410166e-08,2020-06-07,"model_3","3",0.0288862205715156
"494",-5.06401552224553e-08,2020-06-07,"model_3","4",0.0288862205715156
"231",0.00412948966170836,2020-06-08,"model_3","2",0.0296671039300846
"395",0.00184716467271487,2020-06-08,"model_3","3",0.0296671039300846
"495",-0.00597665433442154,2020-06-08,"model_3","4",0.0296671039300846
"232",3.32355616158495e-08,2020-06-09,"model_3","2",0.0290868354662767
"396",1.39205416444553e-08,2020-06-09,"model_3","3",0.0290868354662767
"496",-4.71561032610532e-08,2020-06-09,"model_3","4",0.0290868354662767
"233",1.34852328534898e-08,2020-06-10,"model_3","2",0.0289211479282721
"397",6.29911488464209e-09,2020-06-10,"model_3","3",0.0289211479282721
"497",-1.97843477399899e-08,2020-06-10,"model_3","4",0.0289211479282721
"1",0.123446324741449,2020-06-11,"model_3","1",0.0315578202196592
"234",-0.00958668703938886,2020-06-11,"model_3","2",0.0315578202196592
"398",-0.0226584659406988,2020-06-11,"model_3","3",0.0315578202196592
"498",-0.0912011717613609,2020-06-11,"model_3","4",0.0315578202196592
"11",0.182066659598419,2020-06-12,"model_3","1",0.0313210215006312
"235",-0.0220753218219054,2020-06-12,"model_3","2",0.0313210215006312
"399",-0.0365284797152807,2020-06-12,"model_3","3",0.0313210215006312
"499",-0.12346285806124,2020-06-12,"model_3","4",0.0313210215006312
"12",0.15630770819829,2020-06-13,"model_3","1",0.0334219939441281
"236",-0.0108053841105562,2020-06-13,"model_3","2",0.0334219939441281
"3100",-0.0247812960814614,2020-06-13,"model_3","3",0.0334219939441281
"4100",-0.120721028006271,2020-06-13,"model_3","4",0.0334219939441281
"13",0.170638869828679,2020-06-14,"model_3","1",0.0340889374449835
"237",-0.00320740523895242,2020-06-14,"model_3","2",0.0340889374449835
"3101",-0.0178256898535338,2020-06-14,"model_3","3",0.0340889374449835
"4101",-0.149605774736207,2020-06-14,"model_3","4",0.0340889374449835
"14",0.160763061450553,2020-06-15,"model_3","1",0.0340534450232572
"238",-0.00899847509302712,2020-06-15,"model_3","2",0.0340534450232572
"3102",-0.0230200737685019,2020-06-15,"model_3","3",0.0340534450232572
"4102",-0.128744512589022,2020-06-15,"model_3","4",0.0340534450232572
"15",0.220920509497846,2020-06-16,"model_3","1",0.034014921870046
"239",-0.00616395392063325,2020-06-16,"model_3","2",0.034014921870046
"3103",-0.0211432610842494,2020-06-16,"model_3","3",0.034014921870046
"4103",-0.193613294492962,2020-06-16,"model_3","4",0.034014921870046
"16",0.0919264311181423,2020-06-17,"model_3","1",0.0326015968400782
"240",-0.0926561827662955,2020-06-17,"model_3","2",0.0326015968400782
"3104",-0.10470619796708,2020-06-17,"model_3","3",0.0326015968400782
"4104",0.105435949615233,2020-06-17,"model_3","4",0.0326015968400782
"17",0.104752243933974,2020-06-18,"model_3","1",0.0288883709203245
"241",-0.0468705074805553,2020-06-18,"model_3","2",0.0288883709203245
"3105",-0.0578817364534101,2020-06-18,"model_3","3",0.0288883709203245
"18",0.0952255388409445,2020-06-19,"model_3","1",0.0289281365619011
"242",-0.0448555849092406,2020-06-19,"model_3","2",0.0289281365619011
"3106",-0.0503699539317002,2020-06-19,"model_3","3",0.0289281365619011
"19",0.0508156777729282,2020-06-20,"model_3","1",0.0278850197472238
"243",-0.0222774223456011,2020-06-20,"model_3","2",0.0278850197472238
"3107",-0.0285382554273288,2020-06-20,"model_3","3",0.0278850197472238
"110",0.070346296160059,2020-06-21,"model_3","1",0.0287087472246716
"244",-0.0312921821980847,2020-06-21,"model_3","2",0.0287087472246716
"3108",-0.0390541139619813,2020-06-21,"model_3","3",0.0287087472246716
"111",0.037569575658856,2020-06-22,"model_3","1",0.0290349567201228
"245",-0.0162370089548942,2020-06-22,"model_3","2",0.0290349567201228
"3109",-0.0213325667039535,2020-06-22,"model_3","3",0.0290349567201228
"112",0.029460258845959,2020-06-23,"model_3","1",0.0286749345707903
"246",-0.0126106553575086,2020-06-23,"model_3","2",0.0286749345707903
"3110",-0.0168496034884582,2020-06-23,"model_3","3",0.0286749345707903
"113",7.63410302770913e-09,2020-06-24,"model_3","1",0.0242752244582826
"247",-2.60157848221305e-09,2020-06-24,"model_3","2",0.0242752244582826
"3111",-5.03252454599969e-09,2020-06-24,"model_3","3",0.0242752244582826
"114",2.52688251968137e-08,2020-06-25,"model_3","1",0.0292902331653787
"248",-1.03962812237707e-08,2020-06-25,"model_3","2",0.0292902331653787
"3112",-1.48725439696512e-08,2020-06-25,"model_3","3",0.0292902331653787
"115",2.74387883595923e-08,2020-06-26,"model_3","1",0.0292051362735436
"249",-1.1283702622477e-08,2020-06-26,"model_3","2",0.0292051362735436
"3113",-1.61550857366101e-08,2020-06-26,"model_3","3",0.0292051362735436
"116",3.88536211789321e-08,2020-06-27,"model_3","1",0.0293179030949052
"250",-1.59401962912698e-08,2020-06-27,"model_3","2",0.0293179030949052
"3114",-2.2913424887625e-08,2020-06-27,"model_3","3",0.0293179030949052
"117",4.59061153157544e-08,2020-06-28,"model_3","1",0.0294735978355036
"251",-1.77525888392792e-08,2020-06-28,"model_3","2",0.0294735978355036
"3115",-2.81535264765327e-08,2020-06-28,"model_3","3",0.0294735978355036
"118",4.32213754896397e-08,2020-06-29,"model_3","1",0.0296619114701666
"252",-1.44819381646425e-08,2020-06-29,"model_3","2",0.0296619114701666
"3116",-2.8739437320226e-08,2020-06-29,"model_3","3",0.0296619114701666
"119",2.64273984370849e-08,2020-06-30,"model_3","1",0.0292350988543737
"253",-9.81118375820267e-09,2020-06-30,"model_3","2",0.0292350988543737
"3117",-1.66162146788315e-08,2020-06-30,"model_3","3",0.0292350988543737
"120",2.07079451325323e-08,2020-07-01,"model_3","1",0.029027350746649
"254",-8.37635128380167e-09,2020-07-01,"model_3","2",0.029027350746649
"3118",-1.2331593849846e-08,2020-07-01,"model_3","3",0.029027350746649
"121",2.1412424080697e-08,2020-07-02,"model_3","1",0.0287733588818242
"255",-7.84297307129941e-09,2020-07-02,"model_3","2",0.0287733588818242
"3119",-1.35694510083049e-08,2020-07-02,"model_3","3",0.0287733588818242
"122",2.18721742646433e-08,2020-07-03,"model_3","1",0.0285031264443745
"256",-1.04270997132627e-08,2020-07-03,"model_3","2",0.0285031264443745
"3120",-1.14450745528204e-08,2020-07-03,"model_3","3",0.0285031264443745
"123",2.9070487827256e-08,2020-07-04,"model_3","1",0.028225178049434
"257",-1.33987073407662e-08,2020-07-04,"model_3","2",0.028225178049434
"3121",-1.56717804881177e-08,2020-07-04,"model_3","3",0.028225178049434
"124",8.4797630055941e-08,2020-07-05,"model_3","1",0.0278855336173436
"258",-3.81996693397072e-08,2020-07-05,"model_3","2",0.0278855336173436
"3122",-4.65979607165432e-08,2020-07-05,"model_3","3",0.0278855336173436
"125",1.2089542512366e-07,2020-07-06,"model_3","1",0.0283723030175733
"259",-4.71000773826783e-08,2020-07-06,"model_3","2",0.0283723030175733
"3123",-7.37953477431965e-08,2020-07-06,"model_3","3",0.0283723030175733
"126",1.1684498670941e-07,2020-07-07,"model_3","1",0.0282763300093132
"260",-4.82903357685812e-08,2020-07-07,"model_3","2",0.0282763300093132
"3124",-6.85546509408041e-08,2020-07-07,"model_3","3",0.0282763300093132
"127",1.46021802191866e-07,2020-07-08,"model_3","1",0.0282982424747722
"261",-6.24371203199347e-08,2020-07-08,"model_3","2",0.0282982424747722
"3125",-8.35846818710942e-08,2020-07-08,"model_3","3",0.0282982424747722
"128",1.1304588993941e-07,2020-07-09,"model_3","1",0.0281310686662674
"262",-4.70825248604365e-08,2020-07-09,"model_3","2",0.0281310686662674
"3126",-6.59633650815638e-08,2020-07-09,"model_3","3",0.0281310686662674
"129",1.62031889953837e-07,2020-07-10,"model_3","1",0.0280871575316605
"263",-6.76063853602006e-08,2020-07-10,"model_3","2",0.0280871575316605
"3127",-9.44255045957773e-08,2020-07-10,"model_3","3",0.0280871575316605
"130",2.04127236519124e-07,2020-07-11,"model_3","1",0.0280891327535326
"264",-8.58559817532877e-08,2020-07-11,"model_3","2",0.0280891327535326
"3128",-1.18271254764567e-07,2020-07-11,"model_3","3",0.0280891327535326
"131",0.0144526951388938,2020-07-12,"model_3","1",0.0281338593763025
"265",-0.00527276196612709,2020-07-12,"model_3","2",0.0281338593763025
"3129",-0.0091799331727695,2020-07-12,"model_3","3",0.0281338593763025
"132",0.0133607747979374,2020-07-13,"model_3","1",0.027805912209277
"266",-0.00548285242447682,2020-07-13,"model_3","2",0.027805912209277
"3130",-0.00787792237345866,2020-07-13,"model_3","3",0.027805912209277
"133",0.0182549332974053,2020-07-14,"model_3","1",0.0275618507817429
"267",-0.00760052205979098,2020-07-14,"model_3","2",0.0275618507817429
"3131",-0.0106544112376123,2020-07-14,"model_3","3",0.0275618507817429
"134",0.0184235294332444,2020-07-15,"model_3","1",0.0276401408709145
"268",-0.00764061962494304,2020-07-15,"model_3","2",0.0276401408709145
"3132",-0.0107829098083016,2020-07-15,"model_3","3",0.0276401408709145
"135",0.0189913028374347,2020-07-16,"model_3","1",0.0274869886015549
"269",-0.00798969321786332,2020-07-16,"model_3","2",0.0274869886015549
"3133",-0.011001609619569,2020-07-16,"model_3","3",0.0274869886015549
"136",0.015848808676907,2020-07-17,"model_3","1",0.0272779493991071
"270",-0.00743486998121358,2020-07-17,"model_3","2",0.0272779493991071
"3134",-0.00841393869569302,2020-07-17,"model_3","3",0.0272779493991071
"137",0.0189297071613678,2020-07-18,"model_3","1",0.0271531437866933
"271",-0.00919766363770409,2020-07-18,"model_3","2",0.0271531437866933
"3135",-0.00973204352366284,2020-07-18,"model_3","3",0.0271531437866933
"138",4.85609691841029e-07,2020-07-19,"model_3","1",0.0277897672639286
"272",-2.68806993314017e-07,2020-07-19,"model_3","2",0.0277897672639286
"3136",-2.16802698535556e-07,2020-07-19,"model_3","3",0.0277897672639286
"139",1.5854350542785e-07,2020-07-20,"model_3","1",0.0272297562875662
"273",-8.51173434582506e-08,2020-07-20,"model_3","2",0.0272297562875662
"3137",-7.34261619722569e-08,2020-07-20,"model_3","3",0.0272297562875662
"140",4.66274534299042e-08,2020-07-21,"model_3","1",0.0251750189437069
"274",-2.68617516832856e-08,2020-07-21,"model_3","2",0.0251750189437069
"3138",-1.97657017464356e-08,2020-07-21,"model_3","3",0.0251750189437069
"141",1.82658498114694e-08,2020-07-22,"model_3","1",0.0221412404362594
"275",-1.14133369840771e-08,2020-07-22,"model_3","2",0.0221412404362594
"3139",-6.85251282782118e-09,2020-07-22,"model_3","3",0.0221412404362594
"142",1.8668535949202e-08,2020-07-23,"model_3","1",0.0235991927400918
"276",-1.47912420136966e-08,2020-07-23,"model_3","2",0.0235991927400918
"3140",-3.87729393506371e-09,2020-07-23,"model_3","3",0.0235991927400918
"143",1.82464804058739e-08,2020-07-24,"model_3","1",0.0235962043877029
"277",-1.44254368300997e-08,2020-07-24,"model_3","2",0.0235962043877029
"3141",-3.82104357412118e-09,2020-07-24,"model_3","3",0.0235962043877029
"144",1.76511843684064e-08,2020-07-25,"model_3","1",0.0236033501707202
"278",-1.44025417353193e-08,2020-07-25,"model_3","2",0.0236033501707202
"3142",-3.24864263420512e-09,2020-07-25,"model_3","3",0.0236033501707202
"145",2.50239001444575e-08,2020-07-26,"model_3","1",0.0237560259006478
"279",-2.02086416500961e-08,2020-07-26,"model_3","2",0.0237560259006478
"3143",-4.81525849319171e-09,2020-07-26,"model_3","3",0.0237560259006478
"146",1.94061115500236e-08,2020-07-27,"model_3","1",0.0238745955015158
"280",-1.58778704038356e-08,2020-07-27,"model_3","2",0.0238745955015158
"3144",-3.52824114596777e-09,2020-07-27,"model_3","3",0.0238745955015158
"147",1.90734499457239e-08,2020-07-28,"model_3","1",0.0241547733022067
"281",-1.65184442598543e-08,2020-07-28,"model_3","2",0.0241547733022067
"3145",-2.55500568572323e-09,2020-07-28,"model_3","3",0.0241547733022067
"148",1.81789563804623e-08,2020-07-29,"model_3","1",0.0242165009621332
"282",-1.55681377486553e-08,2020-07-29,"model_3","2",0.0242165009621332
"3146",-2.61081863242315e-09,2020-07-29,"model_3","3",0.0242165009621332
"149",1.80540084373168e-08,2020-07-30,"model_3","1",0.0242589071055561
"283",-1.4764217080024e-08,2020-07-30,"model_3","2",0.0242589071055561
"3147",-3.28979135799442e-09,2020-07-30,"model_3","3",0.0242589071055561
"150",1.82289151576327e-08,2020-07-31,"model_3","1",0.02428539118096
"284",-1.47578612946417e-08,2020-07-31,"model_3","2",0.02428539118096
"3148",-3.47105386255718e-09,2020-07-31,"model_3","3",0.02428539118096
"151",1.77440993132886e-08,2020-08-01,"model_3","1",0.0243251726339249
"285",-1.45269683780776e-08,2020-08-01,"model_3","2",0.0243251726339249
"3149",-3.2171309333984e-09,2020-08-01,"model_3","3",0.0243251726339249
"152",1.5653527644512e-08,2020-08-02,"model_3","1",0.0244743372711551
"286",-1.26635870636321e-08,2020-08-02,"model_3","2",0.0244743372711551
"3150",-2.98994058104206e-09,2020-08-02,"model_3","3",0.0244743372711551
"153",1.81450614411447e-08,2020-08-03,"model_3","1",0.0244622889932698
"287",-1.46874331019559e-08,2020-08-03,"model_3","2",0.0244622889932698
"3151",-3.45762833858935e-09,2020-08-03,"model_3","3",0.0244622889932698
"154",1.85744300290468e-08,2020-08-04,"model_3","1",0.024344256979604
"288",-1.54970718020287e-08,2020-08-04,"model_3","2",0.024344256979604
"3152",-3.07735822675017e-09,2020-08-04,"model_3","3",0.024344256979604
"155",1.67512132369036e-08,2020-08-05,"model_3","1",0.0244005929561199
"289",-1.42558036137907e-08,2020-08-05,"model_3","2",0.0244005929561199
"3153",-2.4954096224328e-09,2020-08-05,"model_3","3",0.0244005929561199
"156",1.67870932192289e-08,2020-08-06,"model_3","1",0.0243879912796442
"290",-1.49117895236211e-08,2020-08-06,"model_3","2",0.0243879912796442
"3154",-1.87530369666237e-09,2020-08-06,"model_3","3",0.0243879912796442
"157",1.67731143305083e-08,2020-08-07,"model_3","1",0.024364384876911
"291",-1.42024131708168e-08,2020-08-07,"model_3","2",0.024364384876911
"3155",-2.57070116104791e-09,2020-08-07,"model_3","3",0.024364384876911
"158",1.70219879875435e-08,2020-08-08,"model_3","1",0.0244171316682826
"292",-1.43843910826525e-08,2020-08-08,"model_3","2",0.0244171316682826
"3156",-2.63759690521018e-09,2020-08-08,"model_3","3",0.0244171316682826
"159",1.76762039786939e-08,2020-08-09,"model_3","1",0.02437621179536
"293",-1.51101008655633e-08,2020-08-09,"model_3","2",0.02437621179536
"3157",-2.56610311385645e-09,2020-08-09,"model_3","3",0.02437621179536
"160",1.34851806374542e-08,2020-08-10,"model_3","1",0.0243603213501177
"294",-1.20881179962688e-08,2020-08-10,"model_3","2",0.0243603213501177
"3158",-1.39706264211161e-09,2020-08-10,"model_3","3",0.0243603213501177
"161",1.83229934702531e-08,2020-08-11,"model_3","1",0.0240501493458201
"295",-1.66618217639864e-08,2020-08-11,"model_3","2",0.0240501493458201
"3159",-1.66117170612159e-09,2020-08-11,"model_3","3",0.0240501493458201
"162",1.62714967053033e-08,2020-08-12,"model_3","1",0.024131609618346
"296",-1.48652076264027e-08,2020-08-12,"model_3","2",0.024131609618346
"3160",-1.40628907907601e-09,2020-08-12,"model_3","3",0.024131609618346
"163",1.61139482976624e-08,2020-08-13,"model_3","1",0.0241562437613187
"297",-1.48127385481385e-08,2020-08-13,"model_3","2",0.0241562437613187
"3161",-1.30120974974866e-09,2020-08-13,"model_3","3",0.0241562437613187
"164",1.63435347379264e-08,2020-08-14,"model_3","1",0.0241770357369343
"298",-1.51032670245854e-08,2020-08-14,"model_3","2",0.0241770357369343
"3162",-1.24026771348189e-09,2020-08-14,"model_3","3",0.0241770357369343
"165",1.66554128519652e-08,2020-08-15,"model_3","1",0.0241829650075472
"299",-1.47985302803889e-08,2020-08-15,"model_3","2",0.0241829650075472
"3163",-1.8568825726971e-09,2020-08-15,"model_3","3",0.0241829650075472
"166",1.30808287820147e-08,2020-08-16,"model_3","1",0.0242629706323494
"2100",-1.22761694186784e-08,2020-08-16,"model_3","2",0.0242629706323494
"3164",-8.04659364181433e-10,2020-08-16,"model_3","3",0.0242629706323494
"167",1.45695775915353e-08,2020-08-17,"model_3","1",0.02418563713217
"2101",-1.40206837581254e-08,2020-08-17,"model_3","2",0.02418563713217
"3165",-5.48893831616772e-10,2020-08-17,"model_3","3",0.02418563713217
"168",1.94093580940489e-08,2020-08-18,"model_3","1",0.0242572469097845
"2102",-1.93847229236221e-08,2020-08-18,"model_3","2",0.0242572469097845
"3166",-2.46351684160224e-11,2020-08-18,"model_3","3",0.0242572469097845
"169",1.76153587005959e-08,2020-08-19,"model_3","1",0.0239800574614824
"2103",-1.68355104481142e-08,2020-08-19,"model_3","2",0.0239800574614824
"3167",-7.79848251827812e-10,2020-08-19,"model_3","3",0.0239800574614824
"170",2.05371502855878e-08,2020-08-20,"model_3","1",0.0239298879264039
"2104",-1.88433332724566e-08,2020-08-20,"model_3","2",0.0239298879264039
"3168",-1.69381701141988e-09,2020-08-20,"model_3","3",0.0239298879264039
"171",2.04791460484083e-08,2020-08-21,"model_3","1",0.023977669941849
"2105",-2.00542693328703e-08,2020-08-21,"model_3","2",0.023977669941849
"3169",-4.24876717417505e-10,2020-08-21,"model_3","3",0.023977669941849
"172",1.81300745272455e-08,2020-08-22,"model_3","1",0.0237692442212673
"2106",-1.75215100920688e-08,2020-08-22,"model_3","2",0.0237692442212673
"3170",-6.08564438135839e-10,2020-08-22,"model_3","3",0.0237692442212673
"173",1.63896174308279e-08,2020-08-23,"model_3","1",0.0241464723233488
"2107",-1.37385217866906e-08,2020-08-23,"model_3","2",0.0241464723233488
"3171",-2.6510956422611e-09,2020-08-23,"model_3","3",0.0241464723233488
"174",1.14228353504292e-08,2020-08-24,"model_3","1",0.0238617250314389
"2108",-8.58544580176471e-09,2020-08-24,"model_3","2",0.0238617250314389
"3172",-2.83738954758473e-09,2020-08-24,"model_3","3",0.0238617250314389
"175",1.70263198031356e-08,2020-08-25,"model_3","1",0.0233059072984994
"2109",-1.45319373190551e-08,2020-08-25,"model_3","2",0.0233059072984994
"3173",-2.49438248425894e-09,2020-08-25,"model_3","3",0.0233059072984994
"176",1.37741689588682e-08,2020-08-26,"model_3","1",0.0230049375221929
"2110",-1.40759262195008e-08,2020-08-26,"model_3","2",0.0230049375221929
"3174",3.017572604026e-10,2020-08-26,"model_3","3",0.0230049375221929
"177",1.59405621270897e-08,2020-08-27,"model_3","1",0.022871795987753
"2111",-1.21579017998941e-08,2020-08-27,"model_3","2",0.022871795987753
"3175",-3.7826603275288e-09,2020-08-27,"model_3","3",0.022871795987753
"178",1.57005081797587e-08,2020-08-28,"model_3","1",0.0224472224226573
"2112",-1.44735671972975e-08,2020-08-28,"model_3","2",0.0224472224226573
"3176",-1.22694098169597e-09,2020-08-28,"model_3","3",0.0224472224226573
"179",1.14852607429681e-08,2020-08-29,"model_3","1",0.0225311176489816
"2113",-1.37769197379965e-08,2020-08-29,"model_3","2",0.0225311176489816
"3177",2.29165899520401e-09,2020-08-29,"model_3","3",0.0225311176489816
"180",1.95056158567072e-09,2020-08-30,"model_3","1",0.0212113094447337
"2114",-8.14035423518083e-09,2020-08-30,"model_3","2",0.0212113094447337
"3178",6.18979264910117e-09,2020-08-30,"model_3","3",0.0212113094447337
"181",5.39307270202463e-09,2020-08-31,"model_3","1",0.0211444430836095
"2115",-7.25999715036234e-09,2020-08-31,"model_3","2",0.0211444430836095
"3179",1.86692444965792e-09,2020-08-31,"model_3","3",0.0211444430836095
"182",5.62212480771022e-10,2020-09-01,"model_3","1",0.0206819599758098
"2116",-1.35989626309859e-08,2020-09-01,"model_3","2",0.0206819599758098
"3180",1.30367501499696e-08,2020-09-01,"model_3","3",0.0206819599758098
